category,tag,color,related_tags
場所,埼玉県こども動物自然公園,#ffff7f,
場所,多摩動物公園,#55ff7f,
場所,金沢動物園,#ffaaff,
場所,東山動植物園,#aaffff,
場所,王子動物園,#ff9bb2,
場所,淡路ファームパークイングランドの丘,#ffd6bb,
場所,平川動物公園,#8fa7ff,
性別,オス,#0000ff,
性別,メス,#ff00ff,
和名,コアラ,#a4a8bd,
個体名,ふく,#6fdfa5,和名=コアラ;場所=埼玉県こども動物自然公園;性別=メス
個体名,コハル,#ffaa00,和名=コアラ;場所=埼玉県こども動物自然公園;性別=メス
個体名,ミラ,#95e6ff,和名=コアラ;場所=埼玉県こども動物自然公園;性別=メス
個体名,さち,#ff93e6,和名=コアラ;場所=埼玉県こども動物自然公園;性別=メス
個体名,ポル,#aaffff,和名=コアラ;場所=埼玉県こども動物自然公園;性別=メス
個体名,ヒヨリ,#ffff7f,和名=コアラ;場所=埼玉県こども動物自然公園;性別=メス
個体名,ソラ,#55ffff,和名=コアラ;場所=埼玉県こども動物自然公園;性別=オス
個体名,アサヒ,#ffaa7f,和名=コアラ;場所=埼玉県こども動物自然公園;性別=オス
個体名,アーノルド,,和名=コアラ;場所=埼玉県こども動物自然公園;性別=オス
個体名,バブルズ,,和名=コアラ;場所=埼玉県こども動物自然公園;性別=メス
個体名,あずま,,和名=コアラ;場所=多摩動物公園;性別=メス
個体名,こまち,,和名=コアラ;場所=多摩動物公園;性別=メス
個体名,きんとき,,和名=コアラ;場所=多摩動物公園;性別=オス
個体名,きらら,,和名=コアラ;場所=多摩動物公園;性別=メス
個体名,チャーリー,,和名=コアラ;場所=多摩動物公園;性別=オス
個体名,コロン,,和名=コアラ;場所=金沢動物園;性別=オス
個体名,ハリー,,和名=コアラ;場所=金沢動物園;性別=オス
個体名,ポポロ,,和名=コアラ;場所=金沢動物園;性別=オス
個体名,たんぽぽ,,和名=コアラ;場所=金沢動物園;性別=メス
個体名,ひなぎく,,和名=コアラ;場所=金沢動物園;性別=メス
個体名,キクタロー,,和名=コアラ;場所=金沢動物園;性別=オス
個体名,ホリー,,和名=コアラ;場所=東山動植物園;性別=メス
個体名,りん,,和名=コアラ;場所=東山動植物園;性別=メス
個体名,ワトル,,和名=コアラ;場所=東山動植物園;性別=メス
個体名,おもち,,和名=コアラ;場所=東山動植物園;性別=メス
個体名,ティリー,,和名=コアラ;場所=東山動植物園;性別=メス
個体名,ななみ,,和名=コアラ;場所=東山動植物園;性別=メス
個体名,イシン,,和名=コアラ;場所=東山動植物園;性別=オス
個体名,だいふく,,和名=コアラ;場所=東山動植物園;性別=オス
個体名,もなか,,和名=コアラ;場所=東山動植物園;性別=オス
個体名,スカイ,,和名=コアラ;場所=東山動植物園;性別=オス
個体名,りん仔,,和名=コアラ;場所=東山動植物園
個体名,イツキ,,和名=コアラ;場所=王子動物園;性別=オス
個体名,いぶき,,和名=コアラ;場所=王子動物園;性別=オス
個体名,オウキ,,和名=コアラ;場所=王子動物園;性別=オス
個体名,オウカ,,和名=コアラ;場所=王子動物園;性別=メス
個体名,エマ,,和名=コアラ;場所=王子動物園;性別=メス
個体名,ハナ,,和名=コアラ;場所=王子動物園;性別=メス
個体名,シャイニー,,和名=コアラ;場所=王子動物園;性別=メス
個体名,のぞみ,,和名=コアラ;場所=淡路ファームパークイングランドの丘;性別=メス
個体名,ウミ,,和名=コアラ;場所=淡路ファームパークイングランドの丘;性別=メス
個体名,こまち,,和名=コアラ;場所=淡路ファームパークイングランドの丘;性別=メス
個体名,ナギ,,和名=コアラ;場所=淡路ファームパークイングランドの丘;性別=メス
個体名,だいち,,和名=コアラ;場所=淡路ファームパークイングランドの丘;性別=オス
個体名,ピーター,,和名=コアラ;場所=淡路ファームパークイングランドの丘;性別=オス
個体名,ノゾム,,和名=コアラ;場所=淡路ファームパークイングランドの丘;性別=オス
個体名,リオ,,和名=コアラ;場所=平川動物公園;性別=メス
個体名,ヒマワリ,,和名=コアラ;場所=平川動物公園;性別=メス
個体名,キボウ,,和名=コアラ;場所=平川動物公園;性別=メス
個体名,インディコ,,和名=コアラ;場所=平川動物公園;性別=メス
個体名,つくし,,和名=コアラ;場所=平川動物公園;性別=メス
個体名,ヒナタ,,和名=コアラ;場所=平川動物公園;性別=メス
個体名,カナエ,,和名=コアラ;場所=平川動物公園;性別=メス
個体名,ピース,,和名=コアラ;場所=平川動物公園;性別=メス
個体名,ツムギ,,和名=コアラ;場所=平川動物公園;性別=メス
個体名,カスミ,,和名=コアラ;場所=平川動物公園;性別=メス
個体名,スミレ,,和名=コアラ;場所=平川動物公園;性別=メス
個体名,コスモ,,和名=コアラ;場所=平川動物公園;性別=メス
個体名,アーチャー,,和名=コアラ;場所=平川動物公園;性別=オス
個体名,ライト,,和名=コアラ;場所=平川動物公園;性別=オス
個体名,タイヨウ,,和名=コアラ;場所=平川動物公園;性別=オス
個体名,ししお,,和名=コアラ;場所=平川動物公園;性別=オス
個体名,アラタ,,和名=コアラ;場所=平川動物公園;性別=オス
個体名,スター,,和名=コアラ;場所=平川動物公園;性別=オス
個体名,チャーボウ,,和名=コアラ;場所=平川動物公園;性別=オス
個体名,アース,,和名=コアラ;場所=平川動物公園;性別=オス
個体名,エイト,,和名=コアラ;場所=平川動物公園;性別=オス
個体名,ラムネ,,和名=コアラ;場所=平川動物公園;性別=オス